long,str,str,long,long,long,long,long,long,long,long,long,flags,
5,"of the Monkey","Monkey",2802,2803,0,0,0,6666,10000,0,0,0x0,
6,"of the Eagle","Eagle",2804,2803,0,0,0,6666,10000,0,0,0x0,
7,"of the Bear","Bear",2803,2805,0,0,0,10000,6666,0,0,0x0,
8,"of the Whale","Whale",2806,2803,0,0,0,6666,10000,0,0,0x0,
9,"of the Owl","Owl",2804,2806,0,0,0,6666,6666,0,0,0x0,
10,"of the Gorilla","Gorilla",2804,2805,0,0,0,6666,6666,0,0,0x0,
11,"of the Falcon","Falcon",2802,2804,0,0,0,6666,6666,0,0,0x0,
12,"of the Boar","Boar",2806,2805,0,0,0,6666,6666,0,0,0x0,
13,"of the Wolf","Wolf",2802,2806,0,0,0,6666,6666,0,0,0x0,
14,"of the Tiger","Tiger",2802,3727,0,0,0,6666,6666,0,0,0x0,
15,"of Spirit","Spirit",2806,0,0,0,0,10000,0,0,0,0x0,
16,"of Stamina","Stamina",2803,0,0,0,0,15000,0,0,0,0x0,
17,"of Strength","Strength",2805,0,0,0,0,10000,0,0,0,0x0,
18,"of Agility","Agility",2802,0,0,0,0,10000,0,0,0,0x0,
19,"of Intellect","Intellect",2804,0,0,0,0,10000,0,0,0,0x0,
20,"of Power","Power",2825,0,0,0,0,20000,0,0,0,0x0,
21,"of Intellect","Intellect: Used to Be Arcane Wrath",2804,0,0,0,0,10000,0,0,0,0x0,
22,"of Intellect","Intellect:  Used to Be Fiery Wrath",2804,0,0,0,0,10000,0,0,0,0x0,
23,"of Intellect","Intellect: Used to Be Frozen Wrath",2804,0,0,0,0,10000,0,0,0,0x0,
24,"of Intellect","Intellect (used to be Nature's Wrath)",2804,0,0,0,0,10000,0,0,0,0x0,
25,"of Intellect","Intellect: Used to Be Shadow Wrath",2804,0,0,0,0,10000,0,0,0,0x0,
26,"of Intellect","Intellect",2804,0,0,0,0,10000,0,0,0,0x0,
27,"of Nimbleness","Nimbleness",2815,0,0,0,0,10000,0,0,0,0x0,
28,"of Stamina","Stamina",2803,0,0,0,0,15000,0,0,0,0x0,
29,"of Eluding","Eluding",2815,2802,0,0,0,6666,6666,0,0,0x0,
30,"of Spirit","Spirit",2806,0,0,0,0,10000,0,0,0,0x0,
31,"of Arcane Protection","Arcane Protection",2803,2817,0,0,0,10000,6666,0,0,0x0,
32,"of Fire Protection","Fire Protection",2803,2818,0,0,0,10000,6666,0,0,0x0,
33,"of Frost Protection","Frost Protection",2803,2819,0,0,0,10000,6666,0,0,0x0,
34,"of Nature Protection","Nature Protection",2803,2820,0,0,0,10000,6666,0,0,0x0,
35,"of Shadow Protection","Shadow Protection",2803,2821,0,0,0,10000,6666,0,0,0x0,
36,"of the Sorcerer","Sorcerer",2803,2804,3726,0,0,7889,5259,5259,0,0x0,
37,"of the Seer","Seer",2803,2804,2822,0,0,7889,5259,5259,0,0x0,
38,"of the Prophet","Prophet",2804,2806,3726,0,0,5259,5259,5259,0,0x0,
39,"of the Invoker","Invoker",2804,2822,0,0,0,7889,5259,0,0,0x0,
40,"of the Bandit","Bandit",2802,2803,2822,0,0,5259,7889,5259,0,0x0,
41,"of the Beast","Beast",3727,2822,2803,0,0,5259,5259,7889,0,0x0,
42,"of the Elder","Elder",2803,2806,2804,0,0,7889,5259,5259,0,0x0,
43,"of the Soldier","Soldier",2805,2803,2823,0,0,5259,7889,5259,0,0x0,
44,"of the Elder","Elder",2803,2804,2806,0,0,7889,5259,5259,0,0x0,
45,"of the Champion","Champion",2805,2803,2815,0,0,5259,7889,5259,0,0x0,
46,"of the Test","Test",2798,2799,2800,2802,2806,20,20,20,5,0x5,
47,"of Blocking","Blocking",2826,2805,0,0,0,6666,6666,0,0,0x0,
48,"of Paladin Testing","Paladin Testing",2805,2906,2824,0,0,3506,5234,4102,0,0x0,
49,"of the Grove","Grove",2802,3726,2803,0,0,7266,4106,4790,0,0x0,
50,"of the Hunt","Hunt",2802,2822,3726,0,0,7266,4106,3193,0,0x0,
51,"of the Mind","Mind",2804,2822,3726,0,0,7266,4106,3193,0,0x0,
52,"of the Crusade","Crusade",2805,2803,2813,0,0,7266,6159,3193,0,0x0,
53,"of the Vision","Vision",2804,3726,2803,0,0,7266,4106,3193,0,0x0,
54,"of the Ancestor","Ancestor",2805,2823,2803,0,0,7266,4106,4790,0,0x0,
55,"of the Nightmare","Nightmare",2804,2803,2822,0,0,7266,6159,3193,0,0x0,
56,"of the Battle","Battle",2805,2803,2823,0,0,7266,6159,3193,0,0x0,
57,"of the Shadow","Shadow",2802,2822,2803,0,0,7266,4106,4790,0,0x0,
58,"of the Sun","Sun",2823,2803,2804,0,0,5259,5259,5259,0,0x0,
59,"of the Moon","Moon",2804,2803,2806,0,0,5259,5259,5259,0,0x0,
60,"of the Wild","Wild",2802,2803,3726,0,0,5259,5259,5259,0,0x0,
61,"of Intellect","Intellect (Resistance)",2804,0,0,0,0,5000,0,0,0,0x0,
62,"of Strength","Strength (resistance)",2805,0,0,0,0,5000,0,0,0,0x0,
63,"of Agility","Agility (resistance)",2802,0,0,0,0,5000,0,0,0,0x0,
64,"of Power","Power (resistance)",2825,0,0,0,0,10000,0,0,0,0x0,
65,"of Magic","Magic (resistance)",2804,0,0,0,0,5000,0,0,0,0x0,
66,"of the Knight","Knight",2803,2813,4058,0,0,7889,5259,5259,0,0x0,
67,"of the Seer","Seer",2803,2822,2804,0,0,7889,5259,5259,0,0x0,
68,"of the Bear","Bear (<60)",2805,2803,0,0,0,6666,6666,0,0,0x0,
69,"of the Eagle","Eagle (<60)",2803,2804,0,0,0,6666,6666,0,0,0x0,
70,"of the Ancestor","Ancestor (<60)",2805,2822,2803,0,0,7266,4106,3193,0,0x0,
71,"of the Bandit","Bandit (<60)",2802,2803,2822,0,0,5259,5259,5259,0,0x0,
72,"of the Battle","Battle (<60)",2805,2803,2822,0,0,7266,4106,3193,0,0x0,
73,"of the Elder","Elder (<60)",2803,2804,2806,0,0,5259,5259,5259,0,0x0,
74,"of the Beast","Beast (<60)",3727,2822,2803,0,0,5259,5259,5259,0,0x0,
75,"of the Champion","Champion (<60)",2805,2803,2815,0,0,5259,5259,5259,0,0x0,
76,"of the Grove","Grove (<60)",2802,3726,2803,0,0,7266,4106,3193,0,0x0,
77,"of the Knight","Knight (<60)",2803,2813,4058,0,0,5259,5259,6153,0,0x0,
78,"of the Monkey","Monkey (<60)",2802,2803,0,0,0,6666,6666,0,0,0x0,
79,"of the Moon","Moon (<60)",2804,2803,2806,0,0,5259,3506,5259,0,0x0,
80,"of the Wild","Wild (<60)",2802,2803,3726,0,0,5259,3506,5259,0,0x0,
81,"of the Whale","Whale (<60)",2803,2806,0,0,0,6666,6666,0,0,0x0,
82,"of the Vision","Vision (<60)",2804,3726,2803,0,0,7266,4106,2129,0,0x0,
83,"of the Sun","Sun (<60)",2823,2803,2804,0,0,5259,5259,5259,0,0x0,
84,"of Stamina","Stamina (<60)",2803,0,0,0,0,10000,0,0,0,0x0,
85,"of the Sorcerer","Sorcerer (<60)",2803,2804,3726,0,0,5259,5259,5259,0,0x0,
86,"of the Soldier","Soldier (<60)",2805,2803,2822,0,0,5259,5259,5259,0,0x0,
87,"of the Shadow","Shadow (<60)",2802,2822,2803,0,0,7266,4106,3193,0,0x0,
88,"of the Foreseer","Foreseer",2804,3726,2822,0,0,5259,5259,5259,0,0x0,
89,"of the Thief","Thief",2803,2802,3726,0,0,7889,5259,5259,0,0x0,
90,"of the Necromancer","Necromancer",2803,3727,2804,0,0,7889,5259,5259,0,0x0,
91,"of the Marksman","Marksman",2803,2802,3727,0,0,7889,5259,5259,0,0x0,
92,"of the Squire","Squire",2803,3727,2805,0,0,7889,5259,5259,0,0x0,
93,"of Restoration","Restoration",2803,2804,2806,0,0,7889,5259,5259,0,0x0,
94,"","Agility (Darkmoon Card)",2802,0,0,0,0,9000,0,0,0,0x0,
95,"","Strength (Darkmoon Card)",2805,0,0,0,0,9000,0,0,0,0x0,
96,"","Stamina (Darkmoon Card)",2803,0,0,0,0,13500,0,0,0,0x0,
97,"","Intellect (Darkmoon Card)",2804,0,0,0,0,9000,0,0,0,0x0,
98,"","Spirit (Darkmoon Card)",2806,0,0,0,0,9000,0,0,0,0x0,
99,"of Speed","Haste",3726,0,0,0,0,10000,0,0,0,0x0,
100,"of the Principle","Principle",2803,2805,3727,2822,0,7889,5259,3506,3506,0x0,
101,"of the Sentinel","Sentinel",2803,2805,3727,4058,0,7889,5259,3506,3506,0x0,
102,"of the Hero","Hero",2803,2805,2822,3726,0,7889,5259,3506,3506,0x0,
103,"of the Avatar","Avatar",2803,2805,2822,4059,0,7889,5259,3506,3506,0x0,
104,"of the Embodiment","Embodiment",2803,2805,3726,4059,0,7889,5259,3506,3506,0x0,
105,"of the Guardian","Guardian",2803,2805,4059,2815,0,7889,5259,3506,3506,0x0,
106,"of the Defender","Defender",2803,2805,2815,4060,0,7889,5259,3506,3506,0x0,
107,"of the Exemplar","Exemplar",2803,2805,4058,2815,0,7889,5259,3506,3506,0x0,
108,"of the Curator","Curator",2803,2805,2815,4060,0,7889,5259,3506,3506,0x0,
109,"of the Preserver","Preserver",2803,2804,4059,2806,0,7889,5259,3506,3506,0x0,
110,"of the Elements","Elements",2803,2804,3727,2823,0,7889,5259,3506,3506,0x0,
111,"of the Paradigm","Paradigm",2803,2804,3727,4059,0,7889,5259,3506,3506,0x0,
112,"of the Pattern","Pattern",2803,2804,2822,3726,0,7889,5259,3506,3506,0x0,
113,"of the Essence","Essence",2803,2804,3726,2806,0,7889,5259,3506,3506,0x0,
114,"of the Flameblaze","Flameblaze",2803,2804,4059,3727,0,7889,5259,3506,3506,0x0,
115,"of the Archetype","Archetype",2803,2802,3727,2822,0,7889,5259,3506,3506,0x0,
116,"of the Manifestation","Manifestation",2803,2802,3727,4058,0,7889,5259,3506,3506,0x0,
117,"of the Incarnation","Incarnation",2803,2802,2823,3726,0,7889,5259,3506,3506,0x0,
118,"of the Faultline","Faultline",2803,2805,3726,4059,0,7889,5259,3506,3506,0x0,
119,"of the Ideal","Ideal",2803,2802,3726,4059,0,7889,5259,3506,3506,0x0,
120,"of the Earthshaker","Earthshaker",2803,2805,3727,2822,0,7889,5259,3506,3506,0x0,
121,"of the Landslide","Landslide",2803,2805,3727,4058,0,7889,5259,3506,3506,0x0,
122,"of the Earthfall","Earthfall",2803,2805,2822,3726,0,7889,5259,3506,3506,0x0,
123,"of the Earthbreaker","Earthbreaker",2803,2805,2822,4059,0,7889,5259,3506,3506,0x0,
124,"of the Mountainbed","Mountainbed",2803,2805,4059,4058,0,7889,5259,3506,3506,0x0,
125,"of the Bedrock","Bedrock",2803,2805,4059,4060,0,7889,5259,3506,3506,0x0,
126,"of the Substratum","Substratum",2803,2805,4058,2815,0,7889,5259,3506,3506,0x0,
127,"of the Bouldercrag","Bouldercrag",2803,2805,2815,4060,0,7889,5259,3506,3506,0x0,
128,"of the Rockslab","Rockslab",2803,2805,4059,2815,0,7889,5259,3506,3506,0x0,
129,"of the Wildfire","Wildfire",2803,2804,3727,2822,0,7889,5259,3506,3506,0x0,
130,"of the Fireflash","Fireflash",2803,2804,2822,3726,0,7889,5259,3506,3506,0x0,
131,"of the Undertow","Undertow",2803,2804,3726,2806,0,7889,5259,3506,3506,0x0,
132,"of the Wavecrest","Wavecrest",2803,2804,4059,2806,0,7889,5259,3506,3506,0x0,
133,"of the Stormblast","Stormblast",2803,2802,3727,2822,0,7889,5259,3506,3506,0x0,
134,"of the Galeburst","Galeburst",2803,2802,3727,4058,0,7889,5259,3506,3506,0x0,
135,"of the Windflurry","Windflurry",2803,2802,2822,3726,0,7889,5259,3506,3506,0x0,
136,"of the Zephyr","Zephyr",2803,2802,3726,4059,0,7889,5259,3506,3506,0x0,
137,"of the Windstorm","Windstorm",2803,2802,2822,4059,0,7889,5259,3506,3506,0x0,
138,"of the Feverflare","Feverflare",2803,2804,3726,4059,0,7889,5259,3506,3506,0x0,
139,"of the Mercenary","Mercenary",2803,2805,3726,0,0,7889,5259,5259,0,0x0,
140,"of the Wraith","Crit/Spirit Bonus (50/50)",2822,2806,0,0,0,3506,3506,0,0,0x0,
141,"of the Wind","Spirit/Haste (50/50)",2806,3726,0,0,0,3506,3506,0,0,0x0,
142,"of the Master","Spirit/Mastery (50/50)",2806,4059,0,0,0,3506,3506,0,0,0x0,
143,"of the Scorpion","Haste/Crit (50/50)",3726,2822,0,0,0,3506,3506,0,0,0x0,
144,"of the Shark","Crit/Mastery (50/50)",2822,4059,0,0,0,3506,3506,0,0,0x0,
145,"of the Panther","Mastery/Haste (50/50)",4059,3726,0,0,0,3506,3506,0,0,0x0,
146,"Crit/Mastery (40/60)","of the Shark",2822,4059,0,0,0,2664,3997,0,0,0x0,
147,"of the Shark","Crit/Mastery (40/60)",2822,4059,0,0,0,2664,3997,0,0,0x0,
148,"Crit/Spirit (40/60)","of the Wraith",2822,2806,0,0,0,2664,3997,0,0,0x0,
149,"of the Scorpion","Haste/Crit (40/60)",3726,2822,0,0,0,2664,3997,0,0,0x0,
150,"of the Panther","Mastery/Haste (40/60)",4059,3726,0,0,0,2664,3997,0,0,0x0,
151,"of the Wind","Spirit/Haste (40/60)",2806,3726,0,0,0,2664,3997,0,0,0x0,
152,"of the Master","Spirit/Mastery (40/60)",2806,4059,0,0,0,2664,3997,0,0,0x0,
153,"of the Wraith","Haste/Crit (40/60)",3726,4059,0,0,0,2664,3997,0,0,0x0,
154,"of the Shark","Crit/Mastery (60/40)",2822,4059,0,0,0,3997,2664,0,0,0x0,
155,"of the Scorpion","Haste/Crit (60/40)",3726,2822,0,0,0,3997,2664,0,0,0x0,
156,"of the Wraith","Crit/Spirit (60/40)",2822,2806,0,0,0,3997,2664,0,0,0x0,
157,"of the Panther","Mastery/Haste (60/40)",4059,3726,0,0,0,3997,2664,0,0,0x0,
158,"of the Wind","Spirit/Haste (60/40)",2806,3726,0,0,0,3997,2664,0,0,0x0,
159,"of the Master","Spirit/Mastery (60/40)",2806,4059,0,0,0,3997,2664,0,0,0x0,
160,"of the Mongoose","Hit/Haste (50/50)",3727,3726,0,0,0,3506,3506,0,0,0x0,
161,"of Storms","Hit/Crit (50/50)",3727,2822,0,0,0,3506,3506,0,0,0x0,
162,"of Flames","Hit/Mastery (50/50)",3727,4059,0,0,0,3506,3506,0,0,0x0,
163,"of the Mongoose","Hit/Haste (40/60)",3727,3726,0,0,0,2664,3997,0,0,0x0,
164,"of Storms","Hit/Crit (40/60)",3727,2822,0,0,0,2664,3997,0,0,0x0,
165,"of Flames","Hit/Mastery (40/60)",3727,4059,0,0,0,2664,3997,0,0,0x0,
166,"of the Mongoose","Hit/Haste (60/40)",3727,4059,0,0,0,3997,2664,0,0,0x0,
167,"of Storms","Hit/Crit (60/40)",3727,2822,0,0,0,3997,2664,0,0,0x0,
168,"of Flames","Hit/Mastery (60/40)",3727,4059,0,0,0,3997,2664,0,0,0x0,
169,"of the Landslide","Skywall - 359 - Primary - Landslide",2803,2805,3727,4058,0,7889,4638,3205,3205,0x0,
170,"of the Earthshaker","Skywall - 359 - Primary - Earthshaker",2803,2805,3727,2822,0,7889,4638,3205,3205,0x0,
171,"of the Earthfall","Skywall - 359 - Primary - Earthfall",2803,2805,2822,3726,0,7889,4638,3205,3205,0x0,
172,"of the Faultline","Skywall - 359 - Primary - Faultline",2803,2805,3726,4059,0,7889,4638,3205,3205,0x0,
173,"of the Earthshaker","Skywall - 372 - Primary - Earthshaker",2803,2805,3727,2822,0,7889,4707,3247,3247,0x0,
174,"of the Landslide","Skywall - 372 - Primary - Landslide",2803,2805,3727,4058,0,7889,4707,3247,3247,0x0,
175,"of the Earthfall","Skywall - 372 - Primary - Earthfall",2803,2805,2822,3726,0,7889,4707,3247,3247,0x0,
176,"of the Faultline","Skywall - 372 - Primary - Faultline",2803,2805,3726,4059,0,7889,4707,3247,3247,0x0,
177,"of the Bedrock","Skywall - 359 - Primary - Bedrock",2803,2805,4059,4060,0,7889,4638,3205,3205,0x0,
178,"of the Bouldercrag","Skywall - 359 - Primary - Bouldercrag",2803,2805,2815,4060,0,7889,4638,3205,3205,0x0,
179,"of the Rockslab","Skywall - 359 - Primary - Rockslab",2803,2805,4059,2815,0,7889,4638,3205,3205,0x0,
180,"of the Bedrock","Skywall - 372 - Primary - Bedrock",2803,2805,4059,4060,0,7889,4707,3247,3247,0x0,
181,"of the Bouldercrag","Skywall - 372 - Primary - Bouldercrag",2803,2805,2815,4060,0,7889,4707,3247,3247,0x0,
182,"of the Rockslab","Skywall - 372 - Primary - Rockslab",2803,2805,4059,2815,0,7889,4707,3247,3247,0x0,
183,"of the Wildfire","Skywall - 359 - Primary - Wildfire",2803,2804,3727,2822,0,7889,4638,3205,3205,0x0,
184,"of the Flameblaze","Skywall - 359 - Primary - Flameblaze",2803,2804,4059,3727,0,7889,4638,3205,3205,0x0,
185,"of the Fireflash","Skywall - 359 - Primary - Fireflash",2803,2804,2822,3726,0,7889,4638,3205,3205,0x0,
186,"of the Feverflare","Skywall - 359 - Primary - Feverflare",2803,2804,3726,4059,0,7889,4638,3205,3205,0x0,
187,"of the Undertow","Skywall - 359 - Primary - Undertow",2803,2804,3726,2806,0,7889,4638,3205,3205,0x0,
188,"of the Wavecrest","Skywall - 359 - Primary - Wavecrest",2803,2804,4059,2806,0,7889,4638,3205,3205,0x0,
189,"of the Wildfire","Skywall - 372 - Primary - Wildfire",2803,2804,3727,2822,0,7889,4707,3247,3247,0x0,
190,"of the Flameblaze","Skywall - 372 - Primary - Flameblaze",2803,2804,4059,3727,0,7889,4707,3247,3247,0x0,
191,"of the Fireflash","Skywall - 372 - Primary - Fireflash",2803,2804,2822,3726,0,7889,4707,3247,3247,0x0,
192,"of the Feverflare","Skywall - 372 - Primary - Feverflare",2803,2804,3726,4059,0,7889,4707,3247,3247,0x0,
193,"of the Undertow","Skywall - 372 - Primary - Undertow",2803,2804,3726,2806,0,7889,4707,3247,3247,0x0,
194,"of the Wavecrest","Skywall - 372 - Primary - Wavecrest",2803,2804,4059,2806,0,7889,4707,3247,3247,0x0,
195,"of the Stormblast","Skywall - 359 - Primary - Stormblast",2803,2802,3727,2822,0,7889,4638,3205,3205,0x0,
196,"of the Windflurry","Skywall - 359 - Primary - Windflurry",2803,2802,2822,3726,0,7889,4638,3205,3205,0x0,
197,"of the Windstorm","Skywall - 359 - Primary - Windstorm",2803,2802,2822,4059,0,7889,4638,3205,3205,0x0,
198,"of the Zephyr","Skywall - 359 - Primary - Zephyr",2803,2802,3726,4059,0,7889,4638,3205,3205,0x0,
199,"of the Stormblast","Skywall - 372 - Primary - Stormblast",2803,2802,3727,2822,0,7889,4707,3247,3247,0x0,
200,"of the Windflurry","Skywall - 372 - Primary - Windflurry",2803,2802,2822,3726,0,7889,4707,3247,3247,0x0,
201,"of the Windstorm","Skywall - 372 - Primary - Windstorm",2803,2802,2822,4059,0,7889,4707,3247,3247,0x0,
202,"of the Zephyr","Skywall - 372 - Primary - Zephyr",2803,2802,3726,4059,0,7889,4707,3247,3247,0x0,
203,"of the Earthshaker","Skywall - 359 - Secondary - Earthshaker",2803,2805,3727,2822,0,7889,4834,3320,3320,0x0,
204,"of the Landslide","Skywall - 359 - Secondary - Landslide",2803,2805,3727,4058,0,7889,4834,3320,3320,0x0,
205,"of the Earthfall","Skywall - 359 - Secondary - Earthfall",2803,2805,2822,3726,0,7889,4834,3320,3320,0x0,
206,"of the Faultline","Skywall - 359 - Secondary - Faultline",2803,2805,3726,4059,0,7889,4834,3320,3320,0x0,
207,"of the Bedrock","Skywall - 359 - Secondary - Bedrock",2803,2805,4059,4060,0,7889,4834,3320,3320,0x0,
208,"of the Bouldercrag","Skywall - 359 - Secondary - Bouldercrag",2803,2805,2815,4060,0,7889,4834,3320,3320,0x0,
209,"of the Rockslab","Skywall - 359 - Secondary - Rockslab",2803,2805,4059,2815,0,7889,4834,3320,3320,0x0,
210,"of the Wildfire","Skywall - 359 - Secondary - Wildfire",2803,2804,3727,2822,0,7889,4834,3320,3320,0x0,
211,"of the Flameblaze","Skywall - 359 - Secondary - Flameblaze",2803,2804,4059,3727,0,7889,4834,3320,3320,0x0,
212,"of the Fireflash","Skywall - 359 - Secondary - Fireflash",2803,2804,2822,3726,0,7889,4834,3320,3320,0x0,
213,"of the Feverflare","Skywall - 359 - Secondary - Feverflare",2803,2804,3726,4059,0,7889,4834,3320,3320,0x0,
214,"of the Undertow","Skywall - 359 - Secondary - Undertow",2803,2804,3726,2806,0,7889,4834,3320,3320,0x0,
215,"of the Wavecrest","Skywall - 359 - Secondary - Wavecrest",2803,2804,4059,2806,0,7889,4834,3320,3320,0x0,
216,"of the Stormblast","Skywall - 359 - Secondary - Stormblast",2803,2802,3727,2822,0,7889,4834,3320,3320,0x0,
217,"of the Windflurry","Skywall - 359 - Secondary - Windflurry",2803,2802,2822,3726,0,7889,4834,3320,3320,0x0,
218,"of the Windstorm","Skywall - 359 - Secondary - Windstorm",2803,2802,2822,4059,0,7889,4834,3320,3320,0x0,
219,"of the Zephyr","Skywall - 359 - Secondary - Zephyr",2803,2802,3726,4059,0,7889,4834,3320,3320,0x0,
220,"of the Earthshaker","Skywall - 372 - Secondary - Earthshaker",2803,2805,3727,2822,0,7889,4890,3327,3327,0x0,
221,"of the Landslide","Skywall - 372 - Secondary - Landslide",2803,2805,3727,4058,0,7889,4890,3327,3327,0x0,
222,"of the Earthfall","Skywall - 372 - Secondary - Earthfall",2803,2805,2822,3726,0,7889,4890,3327,3327,0x0,
223,"of the Faultline","Skywall - 372 - Secondary - Faultline",2803,2805,3726,4059,0,7889,4890,3327,3327,0x0,
224,"of the Bedrock","Skywall - 372 - Secondary - Bedrock",2803,2805,4059,4060,0,7889,4890,3327,3327,0x0,
225,"of the Bouldercrag","Skywall - 372 - Secondary - Bouldercrag",2803,2805,2815,4060,0,7889,4890,3327,3327,0x0,
226,"of the Rockslab","Skywall - 372 - Secondary - Rockslab",2803,2805,4059,2815,0,7889,4890,3327,3327,0x0,
227,"of the Wildfire","Skywall - 372 - Secondary - Wildfire",2803,2804,3727,2822,0,7889,4890,3327,3327,0x0,
228,"of the Flameblaze","Skywall - 372 - Secondary - Flameblaze",2803,2804,4059,3727,0,7889,4890,3327,3327,0x0,
229,"of the Fireflash","Skywall - 372 - Secondary - Fireflash",2803,2804,2822,3726,0,7889,4890,3327,3327,0x0,
230,"of the Feverflare","Skywall - 372 - Secondary - Feverflare",2803,2804,3726,4059,0,7889,4890,3327,3327,0x0,
231,"of the Undertow","Skywall - 372 - Secondary - Undertow",2803,2804,3726,2806,0,7889,4890,3327,3327,0x0,
232,"of the Wavecrest","Skywall - 372 - Secondary - Wavecrest",2803,2804,4059,2806,0,7889,4890,3327,3327,0x0,
233,"of the Stormblast","Skywall - 372 - Secondary - Stormblast",2803,2802,3727,2822,0,7889,4890,3327,3327,0x0,
234,"of the Windflurry","Skywall - 372 - Secondary - Windflurry",2803,2802,2822,3726,0,7889,4890,3327,3327,0x0,
235,"of the Windstorm","Skywall - 372 - Secondary - Windstorm",2803,2802,2822,4059,0,7889,4890,3327,3327,0x0,
236,"of the Zephyr","Skywall - 372 - Secondary - Zephyr",2803,2802,3726,4059,0,7889,4890,3327,3327,0x0,
260,"of the Wildfire","Firelands - 391 - Primary (3 Sockets) - Wildfire",2803,2804,3727,2822,0,7889,4580,3165,3165,0x0,
261,"of the Flameblaze","Firelands - 391 - Primary (3 Sockets) - Flameblaze",2803,2804,4059,3727,0,7889,4580,3165,3165,0x0,
262,"of the Feverflare","Firelands - 391 - Primary (3 Sockets) - Flameblaze",2803,2804,3726,4059,0,7889,4580,3165,3165,0x0,
263,"of the Undertow","Firelands - 391 - Primary (3 Sockets) - Undertow",2803,2804,3726,2806,0,7889,4580,3165,3165,0x0,
264,"of the Wavecrest","Firelands - 391 - Primary (3 Sockets) - Wavecrest",2803,2804,4059,2806,0,7889,4580,3165,3165,0x0,
265,"of the Wildfire","Firelands - 378 - Primary (3 Sockets) - Wildfire",2803,2804,3727,2822,0,7889,4490,3125,3125,0x0,
266,"of the Flameblaze","Firelands - 378 - Primary (3 Sockets) - Flameblaze",2803,2804,4059,3727,0,7889,4490,3125,3125,0x0,
267,"of the Fireflash","Firelands - 378 - Primary (3 Sockets) - Fireflash",2803,2804,2822,3726,0,7889,4490,3125,3125,0x0,
268,"of the Feverflare","Firelands - 378 - Primary (3 Sockets) - Feverflare",2803,2804,3726,4059,0,7889,4490,3125,3125,0x0,
269,"of the Undertow","Firelands - 378 - Primary (3 Sockets) - Undertow",2803,2804,3726,2806,0,7889,4490,3125,3125,0x0,
270,"of the Wavecrest","Firelands - 378 - Primary (3 Sockets) - Wavecrest",2803,2804,4059,2806,0,7889,4490,3125,3125,0x0,
271,"of the Fireflash","Firelands - 391 - Primary (3 Sockets) - Wildfire",2803,2804,2822,3726,0,7889,4580,3165,3165,0x0,
272,"of the Bedrock","Firelands - 378 - Secondary (1 Sockets) - Bedrock",2803,2805,4059,4060,0,7889,4900,3340,3340,0x0,
273,"of the Bouldercrag","Firelands - 378 - Secondary (1 Sockets) - Bouldercrag",2803,2805,2815,4060,0,7889,4900,3340,3340,0x0,
274,"of the Rockslab","Firelands - 378 - Secondary (1 Sockets) - Rockslab",2803,2805,4059,2815,0,7889,4900,3340,3340,0x0,
275,"of the Bedrock","Firelands - 391 - Secondary (1 Sockets) - Bedrock",2803,2805,4059,4060,0,7889,4950,3360,3360,0x0,
276,"of the Bouldercrag","Firelands - 391 - Secondary (1 Sockets) - Bouldercrag",2803,2805,2815,4060,0,7889,4950,3360,3360,0x0,
277,"of the Rockslab","Firelands - 391 - Secondary (1 Sockets) - Rockslab",2803,2805,4059,2815,0,7889,4950,3360,3360,0x0,
278,"of the Wildfire","Firelands - 378 - Secondary (1 Sockets) - Wildfire",2803,2804,3727,2822,0,7889,4900,3340,3340,0x0,
279,"of the Flameblaze","Firelands - 378 - Secondary (1 Sockets) - Flameblaze",2803,2804,4059,3727,0,7889,4900,3340,3340,0x0,
280,"of the Fireflash","Firelands - 378 - Secondary (1 Sockets) - Fireflash",2803,2804,2822,3726,0,7889,4900,3340,3340,0x0,
281,"of the Feverflare","Firelands - 378 - Secondary (1 Sockets) - Feverflare",2803,2804,3726,4059,0,7889,4900,3340,3340,0x0,
282,"of the Undertow","Firelands - 378 - Secondary (1 Sockets) - Undertow",2803,2804,3726,2806,0,7889,4900,3340,3340,0x0,
283,"of the Wavecrest","Firelands - 378 - Secondary (1 Sockets) - Wavecrest",2803,2804,4059,2806,0,7889,4900,3340,3340,0x0,
284,"of the Fireflash","Firelands - 391 - Secondary (1 Sockets) - Fireflash",2803,2804,2822,3726,0,7889,4950,3360,3360,0x0,
285,"of the Feverflare","Firelands - 391 - Secondary (1 Sockets) - Feverflare",2803,2804,3726,4059,0,7889,4950,3360,3360,0x0,
286,"of the Undertow","Firelands - 391 - Secondary (1 Sockets) - Undertow",2803,2804,3726,2806,0,7889,4950,3360,3360,0x0,
287,"of the Wavecrest","Firelands - 391 - Secondary (1 Sockets) - Wavecrest",2803,2804,4059,2806,0,7889,4950,3360,3360,0x0,
288,"of the Stormblast","Firelands - 378 - Secondary (1 Sockets) - Stormblast",2803,2802,3727,2822,0,7889,4900,3340,3340,0x0,
289,"of the Windflurry","Firelands - 378 - Secondary (1 Sockets) - Windflurry",2803,2802,2822,3726,0,7889,4900,3340,3340,0x0,
290,"of the Windstorm","Firelands - 378 - Secondary (1 Sockets) - Windstorm",2803,2802,2822,4059,0,7889,4900,3340,3340,0x0,
291,"of the Zephyr","Firelands - 378 - Secondary (1 Sockets) - Zephyr",2803,2802,3726,4059,0,7889,4900,3340,3340,0x0,
292,"of the Stormblast","Firelands - 391 - Secondary (1 Sockets) - Stormblast",2803,2802,3727,2822,0,7889,4950,3360,3360,0x0,
293,"of the Windflurry","Firelands - 391 - Secondary (1 Sockets) - Windflurry",2803,2802,2822,3726,0,7889,4950,3360,3360,0x0,
294,"of the Windstorm","Firelands - 391 - Secondary (1 Sockets) - Windstorm",2803,2802,2822,4059,0,7889,4950,3360,3360,0x0,
295,"of the Zephyr","Firelands - 391 - Secondary (1 Sockets) - Zephyr",2803,2802,3726,4059,0,7889,4950,3360,3360,0x0,
296,"TMP of Hit","Hit",3727,0,0,0,0,10000,0,0,0,0x0,
297,"TMP of Crit","Crit",2822,0,0,0,0,10000,0,0,0,0x0,
298,"TMP of Str/Hit","Str/Hit",2805,3727,0,0,0,6666,6666,0,0,0x0,
299,"TMP of Agi/Hit","Agi/Hit",2802,3727,0,0,0,6666,6666,0,0,0x0,
300,"TMP of Int/Hit","Int/Hit",2804,3727,0,0,0,6666,6666,0,0,0x0,
301,"TMP of Stam/Hit","Stam/Hit",2803,3727,0,0,0,6666,6666,0,0,0x0,
302,"TMP of Str/Crit","Str/Crit",2805,2822,0,0,0,6666,6666,0,0,0x0,
303,"TMP of Agi/Crit","Agi/Crit",2802,2822,0,0,0,6666,6666,0,0,0x0,
304,"TMP of Stam/Crit","Stam/Crit",2803,2822,0,0,0,6666,6666,0,0,0x0,
305,"TMP of Str/Dodge","Str/Dodge",2805,2815,0,0,0,6666,6666,0,0,0x0,
306,"TMP of Str/Haste","Str/Haste",2805,3726,0,0,0,6666,6666,0,0,0x0,
307,"TMP of Agi/Haste","Agi/Haste",2802,3726,0,0,0,6666,6666,0,0,0x0,
308,"TMP of Int/Haste","Int/Haste",2804,3726,0,0,0,6666,6666,0,0,0x0,
309,"TMP of Stam/Haste","Stam/Haste",2803,3726,0,0,0,6666,6666,0,0,0x0,
310,"TMP of Parry","Parry",4060,0,0,0,0,10000,0,0,0,0x0,
311,"TMP of Expertise","Expertise",4058,0,0,0,0,10000,0,0,0,0x0,
312,"TMP of Str/Exp","Str/Exp",2805,4058,0,0,0,6666,6666,0,0,0x0,
313,"TMP of Dodge/Parry","Dodge/Parry",2815,4060,0,0,0,6666,6666,0,0,0x0,
314,"TMP of Agi/Exp","Agi/Exp",2802,4058,0,0,0,6666,6666,0,0,0x0,
315,"TMP of Stam/Exp","Stam/Exp",2803,4058,0,0,0,6666,6666,0,0,0x0,
316,"TMP of Str/Parry","Str/Parry",2805,4060,0,0,0,6666,6666,0,0,0x0,
317,"of Nature Protection","Nature Protection (<60)",2803,2820,0,0,0,6666,6666,0,0,0x0,
318,"of Arcane Protection","Arcane Protection (<60)",2803,2817,0,0,0,6666,6666,0,0,0x0,
319,"of Fire Protection","Fire Protection (<60)",2803,2818,0,0,0,6666,6666,0,0,0x0,
320,"of Frost Protection","Frost Protection (<60)",2803,2819,0,0,0,6666,6666,0,0,0x0,
321,"of Shadow Protection","Shadow Protection (<60)",2803,2821,0,0,0,6666,6666,0,0,0x0,
324,"of Arcane Resistance","Arcane Resistance",2817,0,0,0,0,10000,0,0,0,0x0,
325,"of Dodge","Dodge",2815,0,0,0,0,10000,0,0,0,0x0,
326,"of Fire Resistance","Fire Resistance",2818,0,0,0,0,10000,0,0,0,0x0,
327,"of Frost Resistance","Frost Resistance",2819,0,0,0,0,10000,0,0,0,0x0,
328,"of Nature Resistance","Nature Resistance",2820,0,0,0,0,10000,0,0,0,0x0,
329,"of Shadow Resistance","Shadow Resistance",2821,0,0,0,0,10000,0,0,0,0x0,
330,"of Restoration","Restoration <60",2803,2804,2806,0,0,5259,5259,5259,0,0x0,
331,"of Striking","Striking",2803,2825,3727,0,0,5259,10518,5259,0,0x0,
332,"of Sorcery","Sorcery",2803,2804,3727,0,0,5259,5259,5259,0,0x0,
333,"","Test - Blank Suffix",0,0,0,0,0,0,0,0,0,0x0,
336,"[Crit]","Crit Rating (5.2 Thunder King Raid)",2822,0,0,0,0,5200,0,0,0,0,
337,"[Hit]","Hit Rating (5.2 Thunder King Raid)",3727,0,0,0,0,5200,0,0,0,0,
338,"[Exp]","Expertise Rating (5.2 Thunder King Raid)",4058,0,0,0,0,5200,0,0,0,0,
339,"[Mastery]","Mastery Rating (5.2 Thunder King Raid)",4059,0,0,0,0,5200,0,0,0,0,
340,"[Haste]","Haste Rating (5.2 Thunder King Raid)",3726,0,0,0,0,5200,0,0,0,0,
341,"[Parry]","Parry Rating (5.2 Thunder King Raid)",4060,0,0,0,0,5200,0,0,0,0,
342,"[Dodge]","Dodge Rating (5.2 Thunder King Raid)",2815,0,0,0,0,5200,0,0,0,0,
343,"[Spirit]","Spirit Rating (5.2 Thunder King Raid)",2806,0,0,0,0,5200,0,0,0,0,
344,"of the Decimator","5.3 Barrens - Crit",2822,0,0,0,0,5200,0,0,0,0,
345,"of the Unerring","5.3 Barrens - Hit",3727,0,0,0,0,5200,0,0,0,0,
346,"of the Adroit","5.3 Barrens - Expertise",4058,0,0,0,0,5200,0,0,0,0,
347,"of the Savant","5.3 Barrens - Mastery",4059,0,0,0,0,5200,0,0,0,0,
348,"of the Impatient","5.3 Barrens - Haste",3726,0,0,0,0,5200,0,0,0,0,
349,"of the Bladewall","5.3 Barrens - Parry",4060,0,0,0,0,5200,0,0,0,0,
350,"of the Untouchable","5.3 Barrens - Dodge",2815,0,0,0,0,5200,0,0,0,0,
351,"of the Pious","5.3 Barrens - Spirit",2806,0,0,0,0,5200,0,0,0,0,
352,"of the Landslide","5.3 Landslide - Str Versa",0,0,3727,4058,0,0,0,3506,3506,0,
353,"of the Stormblast","5.3 Stormblast - Agi",0,0,3727,2822,0,7889,5259,3506,3506,0,
354,"of the Galeburst","5.3 Galeburst - Agi",0,0,3727,4058,0,7889,5259,3506,3506,0,
355,"of the Windflurry","5.3 Windflurry - Agi",0,0,2822,3726,0,7889,5259,3506,3506,0,
356,"of the Windstorm","5.3 Windstorm - Agi",0,0,2822,4059,0,7889,5259,3506,3506,0,
357,"of the Zephyr","5.3 Zephyr - Agi",0,0,3726,4059,0,7889,5259,3506,3506,0,
358,"of the Wildfire","5.3 Wildfire - Int Hit",0,0,3727,2822,0,7889,5259,3506,3506,0,
359,"of the Flameblaze","5.3 Flameblaze - Int Hit",0,0,4059,3727,0,7889,5259,3506,3506,0,
360,"of the Fireflash","5.3 Fireflash - Int Versa",0,0,2822,3726,0,7889,5259,3506,3506,0,
361,"of the Feverflare","5.3 Feverflare - Int Versa",0,0,3726,4059,0,7889,5259,3506,3506,0,
362,"of the Undertow","5.3 Undertow - Int Spirit",0,0,3726,2806,0,7889,5259,3506,3506,0,
363,"of the Wavecrest","5.3 Wavecrest - Int Spirit",0,0,4059,2806,0,7889,5259,3506,3506,0,
364,"of the Earthbreaker","5.3 Earthbreaker - Str DPS",0,0,2822,4059,0,7889,5259,3506,3506,0,
365,"of the Faultline","5.3 Faultline - Str DPS",0,0,3726,4059,0,7889,5259,3506,3506,0,
366,"of the Mountainbed","5.3 Mountainbed - Str Vers",0,0,4059,4058,0,7889,5259,3506,3506,0,
367,"of the Bedrock","5.3 Bedrock - Str Tank",0,0,4059,4060,0,7889,5259,3506,3506,0,
368,"of the Bouldercrag","5.3 Bouldercrag - Str Tank",0,0,2815,4060,0,7889,5259,3506,3506,0,
369,"of the Rockslab","5.3 Rockslab - Str Tank",0,0,4059,2815,0,7889,5259,3506,3506,0,
370,"of the Earthshaker","5.3 Earthshaker - Str DPS",0,0,3727,2822,0,7889,5259,3506,3506,0,
371,"of the Earthfall","5.3 Earthfall - Str DPS",0,0,2822,3726,0,7889,5259,3506,3506,0,
377,"of the Decimator","5.4 (ilvl 496) - 1.5 socket cost - Crit",2822,0,0,0,0,4170,0,0,0,0,
378,"of the Unerring","5.4 (ilvl 496) - 1.5 socket cost - Hit",3727,0,0,0,0,4170,0,0,0,0,
379,"of the Adroit","5.4 (ilvl 496) - 1.5 socket cost - Expertise",4058,0,0,0,0,4170,0,0,0,0,
380,"of the Savant","5.4 (ilvl 496) - 1.5 socket cost - Mastery",4059,0,0,0,0,4170,0,0,0,0,
381,"of the Impatient","5.4 (ilvl 496) - 1.5 socket cost - Haste",3726,0,0,0,0,4170,0,0,0,0,
382,"of the Bladewall","5.4 (ilvl 496) - 1.5 socket cost - Parry",4060,0,0,0,0,4170,0,0,0,0,
383,"of the Untouchable","5.4 (ilvl 496) - 1.5 socket cost - Dodge",2815,0,0,0,0,4170,0,0,0,0,
384,"of the Pious","5.4 (ilvl 496) - 1.5 socket cost - Spirit",2806,0,0,0,0,4170,0,0,0,0,
385,"of the Landslide","5.4 (ilvl 496) - 1.5 socket cost - Landslide - Str Versa",0,0,3727,4058,0,0,0,2990,2990,0,
386,"of the Stormblast","5.4 (ilvl 496) - 1.5 socket cost - Stormblast - Agi",0,0,3727,2822,0,7889,5259,2990,2990,0,
387,"of the Galeburst","5.4 (ilvl 496) - 1.5 socket cost - Galeburst - Agi",0,0,3727,4058,0,7889,5259,2990,2990,0,
388,"of the Windflurry","5.4 (ilvl 496) - 1.5 socket cost - Windflurry - Agi",0,0,2822,3726,0,7889,5259,2990,2990,0,
389,"of the Windstorm","5.4 (ilvl 496) - 1.5 socket cost - Windstorm - Agi",0,0,2822,4059,0,7889,5259,2990,2990,0,
390,"of the Zephyr","5.4 (ilvl 496) - 1.5 socket cost - Zephyr - Agi",0,0,3726,4059,0,7889,5259,2990,2990,0,
391,"of the Wildfire","5.4 (ilvl 496) - 1.5 socket cost - Wildfire - Int Hit",0,0,3727,2822,0,7889,5259,2990,2990,0,
392,"of the Flameblaze","5.4 (ilvl 496) - 1.5 socket cost - Flameblaze - Int Hit",0,0,4059,3727,0,7889,5259,2990,2990,0,
393,"of the Fireflash","5.4 (ilvl 496) - 1.5 socket cost - Fireflash - Int Versa",0,0,2822,3726,0,7889,5259,2990,2990,0,
394,"of the Feverflare","5.4 (ilvl 496) - 1.5 socket cost - Feverflare - Int Versa",0,0,3726,4059,0,7889,5259,2990,2990,0,
395,"of the Undertow","5.4 (ilvl 496) - 1.5 socket cost - Undertow - Int Spirit",0,0,3726,2806,0,7889,5259,2990,2990,0,
396,"of the Wavecrest","5.4 (ilvl 496) - 1.5 socket cost - Wavecrest - Int Spirit",0,0,4059,2806,0,7889,5259,2990,2990,0,
397,"of the Earthbreaker","5.4 (ilvl 496) - 1.5 socket cost - Earthbreaker - Str DPS",0,0,2822,4059,0,7889,5259,2990,2990,0,
398,"of the Faultline","5.4 (ilvl 496) - 1.5 socket cost - Faultline - Str DPS",0,0,3726,4059,0,7889,5259,2990,2990,0,
399,"of the Mountainbed","5.4 (ilvl 496) - 1.5 socket cost - Mountainbed - Str Vers",0,0,4059,4058,0,7889,5259,2990,2990,0,
400,"of the Bedrock","5.4 (ilvl 496) - 1.5 socket cost - Bedrock - Str Tank",0,0,4059,4060,0,7889,5259,2990,2990,0,
401,"of the Bouldercrag","5.4 (ilvl 496) - 1.5 socket cost - Bouldercrag - Str Tank",0,0,2815,4060,0,7889,5259,2990,2990,0,
402,"of the Rockslab","5.4 (ilvl 496) - 1.5 socket cost - Rockslab - Str Tank",0,0,4059,2815,0,7889,5259,2990,2990,0,
403,"of the Earthshaker","5.4 (ilvl 496) - 1.5 socket cost - Earthshaker - Str DPS",0,0,3727,2822,0,7889,5259,3506,3506,0,
404,"of the Earthfall","5.4 (ilvl 496) - 1.5 socket cost - Earthfall - Str DPS",0,0,2822,3726,0,7889,5259,3506,3506,0,
405,"of the Decimator","5.4 (ilvl 528) - 1.5 socket cost - Crit",2822,0,0,0,0,4435,0,0,0,0,
406,"of the Unerring","5.4 (ilvl 528) - 1.5 socket cost - Hit",3727,0,0,0,0,4435,0,0,0,0,
407,"of the Adroit","5.4 (ilvl 528) - 1.5 socket cost - Expertise",4058,0,0,0,0,4435,0,0,0,0,
408,"of the Savant","5.4 (ilvl 528) - 1.5 socket cost - Mastery",4059,0,0,0,0,4435,0,0,0,0,
409,"of the Impatient"," 5.4 (ilvl 528) - 1.5 socket cost - Haste",3726,0,0,0,0,4435,0,0,0,0,
410,"of the Bladewall","5.4 (ilvl 528) - 1.5 socket cost - Parry",4060,0,0,0,0,4435,0,0,0,0,
411,"of the Untouchable","5.4 (ilvl 528) - 1.5 socket cost - Dodge",2815,0,0,0,0,4435,0,0,0,0,
412,"of the Pious","5.4 (ilvl 528) - 1.5 socket cost - Spirit",2806,0,0,0,0,4435,0,0,0,0,
413,"of the Landslide","5.4 (ilvl 528) - 1.5 socket cost - Landslide - Str Versa",0,0,3727,4058,0,0,0,3125,3125,0,
414,"of the Stormblast","5.4 (ilvl 528) - 1.5 socket cost - Stormblast - Agi",0,0,3727,2822,0,7889,5259,3125,3125,0,
415,"of the Galeburst","5.4 (ilvl 528) - 1.5 socket cost - Galeburst - Agi",0,0,3727,4058,0,7889,5259,3125,3125,0,
416,"of the Windflurry","5.4 (ilvl 528) - 1.5 socket cost - Windflurry - Agi",0,0,2822,3726,0,7889,5259,3125,3125,0,
417,"of the Windstorm","5.4 (ilvl 528) - 1.5 socket cost - Windstorm - Agi",0,0,2822,4059,0,7889,5259,3125,3125,0,
418,"of the Zephyr","5.4 (ilvl 528) - 1.5 socket cost - Zephyr - Agi",0,0,3726,4059,0,7889,5259,3125,3125,0,
419,"of the Wildfire","5.4 (ilvl 528) - 1.5 socket cost - Wildfire - Int Hit",0,0,3727,2822,0,7889,5259,3125,3125,0,
420,"of the Flameblaze","5.4 (ilvl 528) - 1.5 socket cost - Flameblaze - Int Hit",0,0,4059,3727,0,7889,5259,3125,3125,0,
421,"of the Fireflash","5.4 (ilvl 528) - 1.5 socket cost - Fireflash - Int Versa",0,0,2822,3726,0,7889,5259,3125,3125,0,
422,"of the Feverflare","5.4 (ilvl 528) - 1.5 socket cost - Feverflare - Int Versa",0,0,3726,4059,0,7889,5259,3125,3125,0,
423,"of the Undertow","5.4 (ilvl 528) - 1.5 socket cost - Undertow - Int Spirit",0,0,3726,2806,0,7889,5259,3125,3125,0,
424,"of the Wavecrest","5.4 (ilvl 528) - 1.5 socket cost - Wavecrest - Int Spirit",0,0,4059,2806,0,7889,5259,3125,3125,0,
425,"of the Earthbreaker","5.4 (ilvl 528) - 1.5 socket cost - Earthbreaker - Str DPS",0,0,2822,4059,0,7889,5259,3125,3125,0,
426,"of the Faultline","5.4 (ilvl 528) - 1.5 socket cost - Faultline - Str DPS",0,0,3726,4059,0,7889,5259,3125,3125,0,
427,"of the Mountainbed","5.4 (ilvl 528) - 1.5 socket cost - Mountainbed - Str Vers",0,0,4059,4058,0,7889,5259,3125,3125,0,
428,"of the Bedrock","5.4 (ilvl 528) - 1.5 socket cost - Bedrock - Str Tank",0,0,4059,4060,0,7889,5259,3125,3125,0,
429,"of the Bouldercrag","5.4 (ilvl 528) - 1.5 socket cost - Bouldercrag - Str Tank",0,0,2815,4060,0,7889,5259,3125,3125,0,
430,"of the Rockslab","5.4 (ilvl 528) - 1.5 socket cost - Rockslab - Str Tank",0,0,4059,2815,0,7889,5259,3125,3125,0,
431,"of the Earthshaker","5.4 (ilvl 528) - 1.5 socket cost - Earthshaker - Str DPS",0,0,3727,2822,0,7889,5259,3125,3125,0,
432,"of the Earthfall","5.4 (ilvl 528) - 1.5 socket cost - Earthfall - Str DPS",0,0,2822,3726,0,7889,5259,3125,3125,0,
433,"of the Decimator","5.4 (ilvl 546) - 1.5 socket cost - Crit",2822,0,0,0,0,4435,0,0,0,0,
434,"of the Unerring","5.4 (ilvl 546) - 1.5 socket cost - Hit",3727,0,0,0,0,4435,0,0,0,0,
435,"of the Adroit","5.4 (ilvl 546) - 1.5 socket cost - Expertise",4058,0,0,0,0,4435,0,0,0,0,
436,"of the Savant","5.4 (ilvl 546) - 1.5 socket cost - Mastery",4059,0,0,0,0,4435,0,0,0,0,
437,"of the Impatient","5.4 (ilvl 546) - 1.5 socket cost - Haste",3726,0,0,0,0,4435,0,0,0,0,
438,"of the Bladewall","5.4 (ilvl 546) - 1.5 socket cost - Parry",4060,0,0,0,0,4435,0,0,0,0,
439,"of the Untouchable","5.4 (ilvl 546) - 1.5 socket cost - Dodge",2815,0,0,0,0,4435,0,0,0,0,
440,"of the Pious","5.4 (ilvl 546) - 1.5 socket cost - Spirit",2806,0,0,0,0,4435,0,0,0,0,
441,"of the Landslide","5.4 (ilvl 546) - 1.5 socket cost - Landslide - Str Versa",0,0,3727,4058,0,0,0,3180,3180,0,
442,"of the Stormblast","5.4 (ilvl 546) - 1.5 socket cost - Stormblast - Agi",0,0,3727,2822,0,7889,5259,3180,3180,0,
443,"of the Galeburst","5.4 (ilvl 546) - 1.5 socket cost - Galeburst - Agi",0,0,3727,4058,0,7889,5259,3180,3180,0,
444,"of the Windflurry","5.4 (ilvl 546) - 1.5 socket cost - Windflurry - Agi",0,0,2822,3726,0,7889,5259,3180,3180,0,
445,"of the Windstorm","5.4 (ilvl 546) - 1.5 socket cost - Windstorm - Agi",0,0,2822,4059,0,7889,5259,3180,3180,0,
446,"of the Zephyr","5.4 (ilvl 546) - 1.5 socket cost - Zephyr - Agi",0,0,3726,4059,0,7889,5259,3180,3180,0,
447,"of the Wildfire","5.4 (ilvl 546) - 1.5 socket cost - Wildfire - Int Hit",0,0,3727,2822,0,7889,5259,3180,3180,0,
448,"of the Flameblaze","5.4 (ilvl 546) - 1.5 socket cost - Flameblaze - Int Hit",0,0,4059,3727,0,7889,5259,3180,3180,0,
449,"of the Fireflash","5.4 (ilvl 546) - 1.5 socket cost - Fireflash - Int Versa",0,0,2822,3726,0,7889,5259,3180,3180,0,
450,"of the Feverflare","5.4 (ilvl 546) - 1.5 socket cost - Feverflare - Int Versa",0,0,3726,4059,0,7889,5259,3180,3180,0,
451,"of the Undertow","5.4 (ilvl 546) - 1.5 socket cost - Undertow - Int Spirit",0,0,3726,2806,0,7889,5259,3180,3180,0,
452,"of the Wavecrest","5.4 (ilvl 546) - 1.5 socket cost - Wavecrest - Int Spirit",0,0,4059,2806,0,7889,5259,3180,3180,0,
453,"of the Earthbreaker","5.4 (ilvl 546) - 1.5 socket cost - Earthbreaker - Str DPS",0,0,2822,4059,0,7889,5259,3180,3180,0,
454,"of the Faultline","5.4 (ilvl 546) - 1.5 socket cost - Faultline - Str DPS",0,0,3726,4059,0,7889,5259,3180,3180,0,
455,"of the Mountainbed","5.4 (ilvl 546) - 1.5 socket cost - Mountainbed - Str Vers",0,0,4059,4058,0,7889,5259,3180,3180,0,
456,"of the Bedrock","5.4 (ilvl 546) - 1.5 socket cost - Bedrock - Str Tank",0,0,4059,4060,0,7889,5259,3180,3180,0,
457,"of the Bouldercrag","5.4 (ilvl 546) - 1.5 socket cost - Bouldercrag - Str Tank",0,0,2815,4060,0,7889,5259,3180,3180,0,
458,"of the Rockslab","5.4 (ilvl 546) - 1.5 socket cost - Rockslab - Str Tank",0,0,4059,2815,0,7889,5259,3180,3180,0,
459,"of the Earthshaker","5.4 (ilvl 546) - 1.5 socket cost - Earthshaker - Str DPS",0,0,3727,2822,0,7889,5259,3180,3180,0,
460,"of the Earthfall","5.4 (ilvl 546) - 1.5 socket cost - Earthfall - Str DPS",0,0,2822,3726,0,7889,5259,3180,3180,0,
461,"of the Decimator","5.4 (ilvl 496) - 0.5 socket cost - Crit",2822,0,0,0,0,4345,0,0,0,0,
462,"of the Unerring","5.4 (ilvl 496) - 0.5 socket cost - Hit",3727,0,0,0,0,4345,0,0,0,0,
463,"of the Adroit","5.4 (ilvl 496) - 0.5 socket cost - Expertise",4058,0,0,0,0,4345,0,0,0,0,
464,"of the Savant","5.4 (ilvl 496) - 0.5 socket cost - Mastery",4059,0,0,0,0,4345,0,0,0,0,
465,"of the Impatient","5.4 (ilvl 496) - 0.5 socket cost - Haste",3726,0,0,0,0,4345,0,0,0,0,
466,"of the Bladewall","5.4 (ilvl 496) - 0.5 socket cost - Parry",4060,0,0,0,0,4345,0,0,0,0,
467,"of the Untouchable","5.4 (ilvl 496) - 0.5 socket cost - Dodge",2815,0,0,0,0,4345,0,0,0,0,
468,"of the Pious","5.4 (ilvl 496) - 0.5 socket cost - Spirit",2806,0,0,0,0,4345,0,0,0,0,
469,"of the Landslide","5.4 (ilvl 496) - 0.5 socket cost - Landslide - Str Versa",0,0,3727,4058,0,0,0,3075,3075,0,
470,"of the Stormblast","5.4 (ilvl 496) - 0.5 socket cost - Stormblast - Agi",0,0,3727,2822,0,7889,5259,3075,3075,0,
471,"of the Galeburst","5.4 (ilvl 496) - 0.5 socket cost - Galeburst - Agi",0,0,3727,4058,0,7889,5259,3075,3075,0,
472,"of the Windflurry","5.4 (ilvl 496) - 0.5 socket cost - Windflurry - Agi",0,0,2822,3726,0,7889,5259,3075,3075,0,
473,"of the Windstorm","5.4 (ilvl 496) - 0.5 socket cost - Windstorm - Agi",0,0,2822,4059,0,7889,5259,3075,3075,0,
474,"of the Zephyr","5.4 (ilvl 496) - 0.5 socket cost - Zephyr - Agi",0,0,3726,4059,0,7889,5259,3075,3075,0,
475,"of the Wildfire","5.4 (ilvl 496) - 0.5 socket cost - Wildfire - Int Hit",0,0,3727,2822,0,7889,5259,3075,3075,0,
476,"of the Flameblaze","5.4 (ilvl 496) - 0.5 socket cost - Flameblaze - Int Hit",0,0,4059,3727,0,7889,5259,3075,3075,0,
477,"of the Fireflash","5.4 (ilvl 496) - 0.5 socket cost - Fireflash - Int Versa",0,0,2822,3726,0,7889,5259,3075,3075,0,
478,"of the Feverflare","5.4 (ilvl 496) - 0.5 socket cost - Feverflare - Int Versa",0,0,3726,4059,0,7889,5259,3075,3075,0,
479,"of the Undertow","5.4 (ilvl 496) - 0.5 socket cost - Undertow - Int Spirit",0,0,3726,2806,0,7889,5259,3075,3075,0,
480,"of the Wavecrest","5.4 (ilvl 496) - 0.5 socket cost - Wavecrest - Int Spirit",0,0,4059,2806,0,7889,5259,3075,3075,0,
481,"of the Earthbreaker","5.4 (ilvl 496) - 0.5 socket cost - Earthbreaker - Str DPS",0,0,2822,4059,0,7889,5259,3075,3075,0,
482,"of the Faultline","5.4 (ilvl 496) - 0.5 socket cost - Faultline - Str DPS",0,0,3726,4059,0,7889,5259,3075,3075,0,
483,"of the Mountainbed","5.4 (ilvl 496) - 0.5 socket cost - Mountainbed - Str Vers",0,0,4059,4058,0,7889,5259,3075,3075,0,
484,"of the Bedrock","5.4 (ilvl 496) - 0.5 socket cost - Bedrock - Str Tank",0,0,4059,4060,0,7889,5259,3075,3075,0,
485,"of the Bouldercrag","5.4 (ilvl 496) - 0.5 socket cost - Bouldercrag - Str Tank",0,0,2815,4060,0,7889,5259,3075,3075,0,
486,"of the Rockslab","5.4 (ilvl 496) - 0.5 socket cost - Rockslab - Str Tank",0,0,4059,2815,0,7889,5259,3075,3075,0,
487,"of the Earthshaker","5.4 (ilvl 496) - 0.5 socket cost - Earthshaker - Str DPS",0,0,3727,2822,0,7889,5259,3075,3075,0,
488,"of the Earthfall","5.4 (ilvl 496) - 0.5 socket cost - Earthfall - Str DPS",0,0,2822,3726,0,7889,5259,3075,3075,0,
